Txn Hash,Block,From,To,Value,Txn Fee
0x43a1a360188faaa2b227c1133d66e155c240816b33d6cba682e9ab27dbc77012,1,0x76f72b060b2f0a702f5fada34d005578f3b0e8f8,0x4ed4b2733f458f72979bea194ce8de5aa4889e0f,0,0.00297594
0x5d62904924aad8b9c0974ab6640dcc3e604a19b13af12a6885500536b4a94edc,1,0xbb1f28e0f2b18c02c540903e5e4e30fcaa940578,0x2b1b3896ffa7627c6ec20d7b4ccfd2a2491fbd45,0,0.00043584
0xc38e066b34b821309eca352f37c2e41083fd18441ac6a1bc86061d0184b86bac,1,0x188ed5da756ab0c4fd2a0b7de157e256f6f93016,0x2b1b3896ffa7627c6ec20d7b4ccfd2a2491fbd45,0,0.00043712
0x51d03a8053c8bd80ba45d1dc8b5182610d64417b7d87cb26be67b294a2ff4b47,1,0xba0495e4ace004aae385a49b8b19020cbfa32e4e,0x2b1b3896ffa7627c6ec20d7b4ccfd2a2491fbd45,0,0.00043712

