Txn Hash,Block,From,To,Value,Txn Fee
0x64b950eff82374312ea6784b01a63695db863840c578f0c9cae7313aacc774f7,1,0x304cc179719bc5b05418d6f7f6783abe45d83090,0x786775b2af02b7dc3e65aa09a141eaf422bfdf60,0.018,0.00042
0xad79836b791da5b86de3c5a95e8a8d0cd947c873698612d0788f02e7c3bcd560,1,0x304cc179719bc5b05418d6f7f6783abe45d83090,0x783306ef210dab06905f08ad3ff8955e4113368c,0.018,0.00042
0x2262f057f5e292c366f664b7397554b16f03662fd6a198c9a02ac6a15e0880b6,1,0x304cc179719bc5b05418d6f7f6783abe45d83090,0xf1885c3894e896fcdbd6e4775a1f27ed4da97885,0.018,0.00042
0x2ae28acf25e8ce358272b852bbcb02eba95a23d39aa6f005f77418ebe52c8e27,1,0x304cc179719bc5b05418d6f7f6783abe45d83090,0x8cac691877b9b334d64e87b66fe990d304116cbd,0.018,0.00042