Txn Hash,Block,From,To,Value,Txn Fee
0x43a1a360188faaa2b227c1133d66e155c240816b33d6cba682e9ab27dbc77012,1,04f586957689dd425776cb9dabf6c8fa5b311a175ede33e1e85b54c931b6d8fb14f8085a1b095e6886a25bbe346da08eb05e605f100e67272da7dac4d4c43d60bc,04ddb66f61a02eb345d2c8da36fa269d8753c3a01863d28565f1c2cf4d4af8636fdd223365fd54c0040cb6401cfef4b1f2e3554ae9cc5de7a0fb9785a38aa724e8,0,0.00297594
0x5d62904924aad8b9c0974ab6640dcc3e604a19b13af12a6885500536b4a94edc,1,04bfde01a8a6973c4ece805f9a46f83d076a00e310e37351b50ee9a619838ce19e6dca73814b3557845140d0e97850487277b5a7ba87f26bd0cf9d943ce7623b9b,040fb119adeaefa120c2cda25713da2523e36ebd0e0d5859bef2d96139583362d9f8420667557134c148405b5776102c633dfc3401a720eb5cdba05191fa371b7b,0,0.00043584
0xc38e066b34b821309eca352f37c2e41083fd18441ac6a1bc86061d0184b86bac,1,046fbf49bb8134c53d50595895283d4ce3b09473561219c6869ee2300af5481553e43d84d49837bd5a73fe6a3ab9337ef68532e1bf14ef83fb2d42eaa55c237680,040fb119adeaefa120c2cda25713da2523e36ebd0e0d5859bef2d96139583362d9f8420667557134c148405b5776102c633dfc3401a720eb5cdba05191fa371b7b,0,0.00043712
0x51d03a8053c8bd80ba45d1dc8b5182610d64417b7d87cb26be67b294a2ff4b47,1,04471e6c2ec29e66b89e816217d6f172959b60a2f13071cfeb698fdaed2e23e23b7693ed687088a736b8912f5cc81f3af46e6c486f64165e6818da2da713407f92,040fb119adeaefa120c2cda25713da2523e36ebd0e0d5859bef2d96139583362d9f8420667557134c148405b5776102c633dfc3401a720eb5cdba05191fa371b7b,0,0.00043712
