Txn Hash,Block,From,To,Value,Txn Fee
0x76984c0de697e0f6ce00767988806c9a59e8f44626ff9947a3b1242167552a23,1,0401d8c7ca7cb14196be6e39f9b14845b5e6144373d5721c05b1b269955d3861a7ecaa31ebff836770574c82497f00811f9d903f89e231bf61ca1bd961541db527,043ba338b695e39d6ecb8ef5b4c16a0616f06f52f29a2068ead1f33274202b4c2798f0ef5be51f46df9f62e01f8d65a50a60ddbdf85b36607552626822a0f41921,0.018,0.00042
0x49f363732cd86a7e0c30db88aad1f5980538e196eb5526de92645c78aa78607a,1,0401d8c7ca7cb14196be6e39f9b14845b5e6144373d5721c05b1b269955d3861a7ecaa31ebff836770574c82497f00811f9d903f89e231bf61ca1bd961541db527,04686044e26bbb146e1677d0a926f40244fd9991509ad04ffc1b8353d24c6fee96361ee9ab5905f69084e765c3f231be19bf9fa98afbfb69a2381e843662aeaea9,0.018,0.00042
0x85447d41cb0946e1059e5613286731e0bdccaa243e26c64bea4ec2001801f00e,1,0401d8c7ca7cb14196be6e39f9b14845b5e6144373d5721c05b1b269955d3861a7ecaa31ebff836770574c82497f00811f9d903f89e231bf61ca1bd961541db527,0444792068683712e11b2df2615d39cda8d7925e83e1914bf45bb2ccdfaf45e1de5300bb1eb9503a1be156505cf4f2e367f4178e95e12f89f31dbfc2a59e96fabb,0.018,0.00042
0xf649cdb9b5345499991f0b46d2b47d3e71394008daf6ac02fcfbaccc578b0d24,1,0401d8c7ca7cb14196be6e39f9b14845b5e6144373d5721c05b1b269955d3861a7ecaa31ebff836770574c82497f00811f9d903f89e231bf61ca1bd961541db527,04c56a992de87b3cd78a0ba7f03f2affcab71411c2781bb3d1debf719c7360915a0971fabf91378f213005c888b362d12358423d07cec8db32b381e670d1d5aa35,0.018,0.00042