Txn Hash,Block,From,To,Value,Txn Fee
0x64b950eff82374312ea6784b01a63695db863840c578f0c9cae7313aacc774f7,3,0401d8c7ca7cb14196be6e39f9b14845b5e6144373d5721c05b1b269955d3861a7ecaa31ebff836770574c82497f00811f9d903f89e231bf61ca1bd961541db527,04670cc2d707fffe69f1ab5cd929c168f6cde7ee27b339d08e8e8d92e42ec9d471ff93509488e25493bdd041c2458e67b1b78e55db2a6f67c0602d7d32990176f6,1800000000000,0.00042
0xad79836b791da5b86de3c5a95e8a8d0cd947c873698612d0788f02e7c3bcd560,3,0401d8c7ca7cb14196be6e39f9b14845b5e6144373d5721c05b1b269955d3861a7ecaa31ebff836770574c82497f00811f9d903f89e231bf61ca1bd961541db527,04ede7370b728d35c23bf21bb9496131da34a481a6a64f76f0d6097799fa686b06ebb000176c8a2e92b8c6ae61a1eb7cbff806f778a38ff7f4ebc9569f39174a90,8567000000000,0.00042
0x2262f057f5e292c366f664b7397554b16f03662fd6a198c9a02ac6a15e0880b6,3,0401d8c7ca7cb14196be6e39f9b14845b5e6144373d5721c05b1b269955d3861a7ecaa31ebff836770574c82497f00811f9d903f89e231bf61ca1bd961541db527,040111dbbb15166f16f77b5b16f31de91fa43a2399f8c940ccab922a121fe8cb0b428668851f8131ba0440e84507c6040e8fc1116555335725e1e954b2fe9cf52c,300000000,0.00042
0x2ae28acf25e8ce358272b852bbcb02eba95a23d39aa6f005f77418ebe52c8e27,3,0401d8c7ca7cb14196be6e39f9b14845b5e6144373d5721c05b1b269955d3861a7ecaa31ebff836770574c82497f00811f9d903f89e231bf61ca1bd961541db527,045bf028724efa0727c04cec7e718ebb27f6a080b88e4b942c77336a5adfccb96146ccd7b486e304df51a9ae0a453c52d5d119b418b52cb97b7fb848cd9efd6cea,23000000000,0.00042