Txn Hash,Block,From,To,Value,Txn Fee
0x76984c0de697e0f6ce00767988806c9a59e8f44626ff9947a3b1242167552a23,1,0401d8c7ca7cb14196be6e39f9b14845b5e6144373d5721c05b1b269955d3861a7ecaa31ebff836770574c82497f00811f9d903f89e231bf61ca1bd961541db527,0446a08e02df8950c6c5d1a1199747efab9fb5aadcdd79a95139f35bfbcf31f9ef8b116bad1012984521b6e7f07d1d8c67894d7d52880f894c93ff9c0aff439eb4,0.018,0.00042
0x49f363732cd86a7e0c30db88aad1f5980538e196eb5526de92645c78aa78607a,1,04665d86db1e1be975cca04ca255d11da51928b1d5c4e18d5f3163dbc62d6a5536fa4939ced9ae9faf9e1624db5c9f4d9d64da3a9af93b9896d3ea0c52b41c296d,04670cc2d707fffe69f1ab5cd929c168f6cde7ee27b339d08e8e8d92e42ec9d471ff93509488e25493bdd041c2458e67b1b78e55db2a6f67c0602d7d32990176f6,0.018,0.00042
0x85447d41cb0946e1059e5613286731e0bdccaa243e26c64bea4ec2001801f00e,1,040fb119adeaefa120c2cda25713da2523e36ebd0e0d5859bef2d96139583362d9f8420667557134c148405b5776102c633dfc3401a720eb5cdba05191fa371b7b,04471e6c2ec29e66b89e816217d6f172959b60a2f13071cfeb698fdaed2e23e23b7693ed687088a736b8912f5cc81f3af46e6c486f64165e6818da2da713407f92,0.018,0.00042
0xf649cdb9b5345499991f0b46d2b47d3e71394008daf6ac02fcfbaccc578b0d24,1,0401d8c7ca7cb14196be6e39f9b14845b5e6144373d5721c05b1b269955d3861a7ecaa31ebff836770574c82497f00811f9d903f89e231bf61ca1bd961541db527,04ddb66f61a02eb345d2c8da36fa269d8753c3a01863d28565f1c2cf4d4af8636fdd223365fd54c0040cb6401cfef4b1f2e3554ae9cc5de7a0fb9785a38aa724e8,0.018,0.00042