Txn Hash,Block,From,To,Value,Txn Fee
0xd0e20a4539df03733e74f5318c3076fbc29d3e558f534eb383a2eef460171492,1,0401d8c7ca7cb14196be6e39f9b14845b5e6144373d5721c05b1b269955d3861a7ecaa31ebff836770574c82497f00811f9d903f89e231bf61ca1bd961541db527,044f82d3ba2d746c443291a7f96da8bafaf08b1981059015d81ee55c71188d22762f7b08c5fef7ade325253b42c8466847ce2e978b4d9b44bf11c49b571ab4b8b4,0.018,0.00042
0xa46f77bbbc736d13d16f89da6f12041a5392c22da8cbd0ac82b8289a6a04a9d2,1,0401d8c7ca7cb14196be6e39f9b14845b5e6144373d5721c05b1b269955d3861a7ecaa31ebff836770574c82497f00811f9d903f89e231bf61ca1bd961541db527,040cbde1cdfef536018cfc4ed28c12a138a4bcc285d8e43cf4da6ac373ddd4bf30e36cb7b093f3cd3cae1aea2a32fa2d701602cb30e5e18e5b4021841b30245182,0.018,0.00042
0xd6404a41dfc92d66fb67675ac542ce6cf21876332a31df78deabc4d13dbb8de2,1,0401d8c7ca7cb14196be6e39f9b14845b5e6144373d5721c05b1b269955d3861a7ecaa31ebff836770574c82497f00811f9d903f89e231bf61ca1bd961541db527,04a628abefc5f17ba8f8f0f516e45d5841275a0700acb05d7b1835dbcf9983e0b5898511a9a75ff09e2e2bc79e60933cc3257010fc69ef2489567d9a3415fb2bd9,0.018,0.00042
0x8995b3bb30c251e65a9c106b061f4cfec1aaadf51a70eb9571f6c12253edc88a,1,0401d8c7ca7cb14196be6e39f9b14845b5e6144373d5721c05b1b269955d3861a7ecaa31ebff836770574c82497f00811f9d903f89e231bf61ca1bd961541db527,041086c9da2e1ebd08c09ece101eef0c5a391313c5fb801d8f21e5542c036a1db20932351502089ae8dffea3884b4d5ca045639f1b81d426761d53dcdf35d47520,0.018,0.00042