Txn Hash,Block,From,To,Value,Txn Fee
0x4e5632ac9ad741af0a82a86c02218d0a64dd9ed56eb4512fa11d975523203af9,1,0482c4b01761ab85fcabebbb1021e032ac58c62d184a80a588e7ba6d01928cb0402bb174b6e7e9ce7528630bc9963bf7643320365ab88ee6500ad3eb2f91e0efcd,040fb119adeaefa120c2cda25713da2523e36ebd0e0d5859bef2d96139583362d9f8420667557134c148405b5776102c633dfc3401a720eb5cdba05191fa371b7b,0,0.00043584
0x3cdc7c72567a0a8a0f4f39a2d517446524ff0e3e0745ab21e14068dad94422dd,1,04665d86db1e1be975cca04ca255d11da51928b1d5c4e18d5f3163dbc62d6a5536fa4939ced9ae9faf9e1624db5c9f4d9d64da3a9af93b9896d3ea0c52b41c296d,040fb119adeaefa120c2cda25713da2523e36ebd0e0d5859bef2d96139583362d9f8420667557134c148405b5776102c633dfc3401a720eb5cdba05191fa371b7b,0,0.00043584
0x35c5270d5d4c1d08d925348fe232cde5c3490e86468ab7a5691078de52f28850,1,0446a08e02df8950c6c5d1a1199747efab9fb5aadcdd79a95139f35bfbcf31f9ef8b116bad1012984521b6e7f07d1d8c67894d7d52880f894c93ff9c0aff439eb4,040fb119adeaefa120c2cda25713da2523e36ebd0e0d5859bef2d96139583362d9f8420667557134c148405b5776102c633dfc3401a720eb5cdba05191fa371b7b,0,0.00043712
0xb02e2ac7a44ba56ef8900751ec3d74a3403ff565ae6cf6ccca8827f26664b07f,1,04cc4b7eec3629b6221be080110cc17decd6c0f9305ced1e587941f1fe5301ba4a5b3194b6db4e297580ec82cf8d5664a6057bf42873910664f259e0aede5731dc,040fb119adeaefa120c2cda25713da2523e36ebd0e0d5859bef2d96139583362d9f8420667557134c148405b5776102c633dfc3401a720eb5cdba05191fa371b7b,0,0.00043712