Txn Hash,Block,From,To,Value,Txn Fee
0xd0e20a4539df03733e74f5318c3076fbc29d3e558f534eb383a2eef460171492,1,04ede7370b728d35c23bf21bb9496131da34a481a6a64f76f0d6097799fa686b06ebb000176c8a2e92b8c6ae61a1eb7cbff806f778a38ff7f4ebc9569f39174a90,04665d86db1e1be975cca04ca255d11da51928b1d5c4e18d5f3163dbc62d6a5536fa4939ced9ae9faf9e1624db5c9f4d9d64da3a9af93b9896d3ea0c52b41c296d,0.018,0.00042
0xa46f77bbbc736d13d16f89da6f12041a5392c22da8cbd0ac82b8289a6a04a9d2,1,0401d8c7ca7cb14196be6e39f9b14845b5e6144373d5721c05b1b269955d3861a7ecaa31ebff836770574c82497f00811f9d903f89e231bf61ca1bd961541db527,04f586957689dd425776cb9dabf6c8fa5b311a175ede33e1e85b54c931b6d8fb14f8085a1b095e6886a25bbe346da08eb05e605f100e67272da7dac4d4c43d60bc,0.018,0.00042
0xd6404a41dfc92d66fb67675ac542ce6cf21876332a31df78deabc4d13dbb8de2,1,040fb119adeaefa120c2cda25713da2523e36ebd0e0d5859bef2d96139583362d9f8420667557134c148405b5776102c633dfc3401a720eb5cdba05191fa371b7b,0401d8c7ca7cb14196be6e39f9b14845b5e6144373d5721c05b1b269955d3861a7ecaa31ebff836770574c82497f00811f9d903f89e231bf61ca1bd961541db527,0.018,0.00042
0x8995b3bb30c251e65a9c106b061f4cfec1aaadf51a70eb9571f6c12253edc88a,1,04471e6c2ec29e66b89e816217d6f172959b60a2f13071cfeb698fdaed2e23e23b7693ed687088a736b8912f5cc81f3af46e6c486f64165e6818da2da713407f92,040fb119adeaefa120c2cda25713da2523e36ebd0e0d5859bef2d96139583362d9f8420667557134c148405b5776102c633dfc3401a720eb5cdba05191fa371b7b,0.018,0.00042