Txn Hash,Block,From,To,Value,Txn Fee
0x4e5632ac9ad741af0a82a86c02218d0a64dd9ed56eb4512fa11d975523203af9,2,0x7830b051f78fa364c4d7a9c0e911841d552deb83,0x2b1b3896ffa7627c6ec20d7b4ccfd2a2491fbd45,0,0.00043584
0x3cdc7c72567a0a8a0f4f39a2d517446524ff0e3e0745ab21e14068dad94422dd,2,0x214e6b62b61181f5a4a9931c36ada08115b6d734,0x2b1b3896ffa7627c6ec20d7b4ccfd2a2491fbd45,0,0.00043584
0x35c5270d5d4c1d08d925348fe232cde5c3490e86468ab7a5691078de52f28850,2,0x0949b1b839b16f7fef08b1310673654ac370ad05,0x2b1b3896ffa7627c6ec20d7b4ccfd2a2491fbd45,0,0.00043712
0xb02e2ac7a44ba56ef8900751ec3d74a3403ff565ae6cf6ccca8827f26664b07f,2,0x66c461ed5502a8e7d131b0cc974e2cb4f2e2d79c,0x2b1b3896ffa7627c6ec20d7b4ccfd2a2491fbd45,0,0.00043712